config_id	config_str
0	{'learning_rate': 0.003, 'batch_size': 50, 'll_size': 25, 'emb_dim': 22, 'num_epochs': 24, 'n_gram': 1, 'lr_decay_amt': 0.96, 'lr_decay_freq': 1, 'num_conv_layers': 1, 'site_param_dict': {'kernels': [1, 4], 'out_lengths': [15, 12], 'out_channels': [11, 11]}, 'kin_param_dict': {'kernels': [100, 100], 'out_lengths': [15, 12], 'out_channels': [11, 11]}}
1	{'learning_rate': 0.003, 'batch_size': 50, 'll_size': 25, 'emb_dim': 22, 'num_epochs': 24, 'n_gram': 1, 'lr_decay_amt': 0.96, 'lr_decay_freq': 1, 'num_conv_layers': 2, 'site_param_dict': {'kernels': [1, 4], 'out_lengths': [15, 12], 'out_channels': [11, 11]}, 'kin_param_dict': {'kernels': [100, 4], 'out_lengths': [15, 12], 'out_channels': [11, 11]}}
2	{'learning_rate': 0.003, 'batch_size': 50, 'll_size': 25, 'emb_dim': 22, 'num_epochs': 24, 'n_gram': 1, 'lr_decay_amt': 0.96, 'lr_decay_freq': 1, 'num_conv_layers': 2, 'site_param_dict': {'kernels': [1, 4, 5], 'out_lengths': [15, 12, 8], 'out_channels': [11, 11, 11]}, 'kin_param_dict': {'kernels': [100, 4, 5], 'out_lengths': [15, 12, 8], 'out_channels': [11, 11, 11]}}
3	{'learning_rate': 0.003, 'batch_size': 50, 'll_size': 25, 'emb_dim': 22, 'num_epochs': 24, 'n_gram': 1, 'lr_decay_amt': 0.96, 'lr_decay_freq': 1, 'num_conv_layers': 3, 'site_param_dict': {'kernels': [1, 4, 5], 'out_lengths': [15, 12, 8], 'out_channels': [11, 11, 11]}, 'kin_param_dict': {'kernels': [100, 4, 5], 'out_lengths': [15, 12, 8], 'out_channels': [11, 11, 11]}}
4	{'learning_rate': 0.003, 'batch_size': 50, 'll_size': 25, 'emb_dim': 22, 'num_epochs': 24, 'n_gram': 1, 'lr_decay_amt': 0.96, 'lr_decay_freq': 1, 'num_conv_layers': 3, 'site_param_dict': {'kernels': [4, 1, 1], 'out_lengths': [12, 12, 12], 'out_channels': [12, 12, 12]}, 'kin_param_dict': {'kernels': [100, 60, 7], 'out_lengths': [402, 68, 12], 'out_channels': [12, 12, 12]}}
5	{'learning_rate': 0.003, 'batch_size': 50, 'll_size': 25, 'emb_dim': 22, 'num_epochs': 24, 'n_gram': 1, 'lr_decay_amt': 0.96, 'lr_decay_freq': 1, 'num_conv_layers': 3, 'site_param_dict': {'kernels': [5, 5, 4], 'out_lengths': [11, 7, 4], 'out_channels': [10, 10, 10]}, 'kin_param_dict': {'kernels': [100, 40, 10], 'out_lengths': [402, 60, 4], 'out_channels': [10, 10, 10]}}
6	{'learning_rate': 0.003, 'batch_size': 50, 'll_size': 25, 'emb_dim': 22, 'num_epochs': 24, 'n_gram': 1, 'lr_decay_amt': 0.96, 'lr_decay_freq': 1, 'num_conv_layers': 3, 'site_param_dict': {'kernels': [4, 1, 1], 'out_lengths': [12, 12, 12], 'out_channels': [22, 22, 22]}, 'kin_param_dict': {'kernels': [100, 60, 7], 'out_lengths': [402, 68, 12], 'out_channels': [22, 22, 22]}}
7	{'learning_rate': 0.003, 'batch_size': 50, 'll_size': 25, 'emb_dim': 22, 'num_epochs': 24, 'n_gram': 1, 'lr_decay_amt': 0.96, 'lr_decay_freq': 1, 'num_conv_layers': 1, 'site_param_dict': {'kernels': [4], 'out_lengths': [12], 'out_channels': [11]}, 'kin_param_dict': {'kernels': [40], 'out_lengths': [12], 'out_channels': [11]}}
8	{'learning_rate': 0.003, 'batch_size': 50, 'll_size': 25, 'emb_dim': 22, 'num_epochs': 20, 'n_gram': 1, 'lr_decay_amt': 0.96, 'lr_decay_freq': 1, 'num_conv_layers': 1, 'site_param_dict': {'kernels': [4], 'out_lengths': [12], 'out_channels': [11]}, 'kin_param_dict': {'kernels': [40], 'out_lengths': [12], 'out_channels': [11]}}
9	{'learning_rate': 0.003, 'batch_size': 50, 'll_size': 25, 'emb_dim': 22, 'num_epochs': 20, 'n_gram': 1, 'lr_decay_amt': 0.96, 'lr_decay_freq': 1, 'num_conv_layers': 1, 'site_param_dict': {'kernels': [6], 'out_lengths': [10], 'out_channels': [14]}, 'kin_param_dict': {'kernels': [60], 'out_lengths': [12], 'out_channels': [14]}}
10	{'learning_rate': 0.003, 'batch_size': 50, 'll_size': 25, 'emb_dim': 22, 'num_epochs': 20, 'n_gram': 1, 'lr_decay_amt': 0.96, 'lr_decay_freq': 1, 'num_conv_layers': 1, 'site_param_dict': {'kernels': [6], 'out_lengths': [10], 'out_channels': [14]}, 'kin_param_dict': {'kernels': [60], 'out_lengths': [10], 'out_channels': [14]}}
11	{'learning_rate': 0.003, 'batch_size': 50, 'll_size': 25, 'emb_dim': 22, 'num_epochs': 20, 'n_gram': 1, 'lr_decay_amt': 0.96, 'lr_decay_freq': 1, 'num_conv_layers': 1, 'site_param_dict': {'kernels': [6], 'out_lengths': [10], 'out_channels': [14]}, 'kin_param_dict': {'kernels': [60], 'out_lengths': [10], 'out_channels': [14]}, 'dropout_pr': 0.32}
12	{'learning_rate': 0.003, 'batch_size': 57, 'll_size': 20, 'emb_dim': 22, 'num_epochs': 20, 'n_gram': 1, 'lr_decay_amt': 0.96, 'lr_decay_freq': 1, 'num_conv_layers': 1, 'site_param_dict': {'kernels': [10], 'out_lengths': [6], 'out_channels': [22]}, 'kin_param_dict': {'kernels': [80], 'out_lengths': [8], 'out_channels': [14]}, 'dropout_pr': 0.37}
13	{'learning_rate': 0.003, 'batch_size': 57, 'll_size': 30, 'emb_dim': 22, 'num_epochs': 20, 'n_gram': 1, 'lr_decay_amt': 0.95, 'lr_decay_freq': 1, 'num_conv_layers': 1, 'site_param_dict': {'kernels': [10], 'out_lengths': [6], 'out_channels': [22]}, 'kin_param_dict': {'kernels': [80], 'out_lengths': [8], 'out_channels': [14]}, 'dropout_pr': 0.4}
14	{'learning_rate': 0.003, 'batch_size': 46, 'll_size': 25, 'emb_dim': 22, 'num_epochs': 20, 'n_gram': 1, 'lr_decay_amt': 0.95, 'lr_decay_freq': 1, 'num_conv_layers': 1, 'site_param_dict': {'kernels': [8], 'out_lengths': [8], 'out_channels': [14]}, 'kin_param_dict': {'kernels': [100], 'out_lengths': [6], 'out_channels': [22]}, 'dropout_pr': 0.34}
15	{'learning_rate': 0.003, 'batch_size': 46, 'll_size': 20, 'emb_dim': 22, 'num_epochs': 15, 'n_gram': 1, 'lr_decay_amt': 0.96, 'lr_decay_freq': 1, 'num_conv_layers': 1, 'site_param_dict': {'kernels': [10], 'out_lengths': [6], 'out_channels': [22]}, 'kin_param_dict': {'kernels': [80], 'out_lengths': [8], 'out_channels': [14]}, 'dropout_pr': 0.4}
16	{'learning_rate': 0.003, 'batch_size': 54, 'll_size': 20, 'emb_dim': 22, 'num_epochs': 15, 'n_gram': 1, 'lr_decay_amt': 0.97, 'lr_decay_freq': 1, 'num_conv_layers': 1, 'site_param_dict': {'kernels': [6], 'out_lengths': [10], 'out_channels': [14]}, 'kin_param_dict': {'kernels': [100], 'out_lengths': [6], 'out_channels': [22]}, 'dropout_pr': 0.34}
17	{'learning_rate': 0.003, 'batch_size': 54, 'll_size': 25, 'emb_dim': 22, 'num_epochs': 20, 'n_gram': 1, 'lr_decay_amt': 0.96, 'lr_decay_freq': 1, 'num_conv_layers': 1, 'site_param_dict': {'kernels': [6], 'out_lengths': [10], 'out_channels': [14]}, 'kin_param_dict': {'kernels': [80], 'out_lengths': [8], 'out_channels': [14]}, 'dropout_pr': 0.37}
18	{'learning_rate': 0.003, 'batch_size': 54, 'll_size': 30, 'emb_dim': 22, 'num_epochs': 15, 'n_gram': 1, 'lr_decay_amt': 0.95, 'lr_decay_freq': 1, 'num_conv_layers': 1, 'site_param_dict': {'kernels': [8], 'out_lengths': [8], 'out_channels': [14]}, 'kin_param_dict': {'kernels': [60], 'out_lengths': [10], 'out_channels': [14]}, 'dropout_pr': 0.4}
19	{'learning_rate': 0.003, 'batch_size': 50, 'll_size': 30, 'emb_dim': 22, 'num_epochs': 15, 'n_gram': 1, 'lr_decay_amt': 0.97, 'lr_decay_freq': 1, 'num_conv_layers': 1, 'site_param_dict': {'kernels': [10], 'out_lengths': [6], 'out_channels': [22]}, 'kin_param_dict': {'kernels': [100], 'out_lengths': [6], 'out_channels': [22]}, 'dropout_pr': 0.34}
20	{'learning_rate': 0.003, 'batch_size': 50, 'll_size': 30, 'emb_dim': 22, 'num_epochs': 20, 'n_gram': 1, 'lr_decay_amt': 0.96, 'lr_decay_freq': 1, 'num_conv_layers': 1, 'dropout_pr': 0.34, 'site_param_dict': {'kernels': [10], 'out_lengths': [6], 'out_channels': [22]}, 'kin_param_dict': {'kernels': [100], 'out_lengths': [6], 'out_channels': [22]}}
21	{'learning_rate': 0.003, 'batch_size': 54, 'll_size': 20, 'emb_dim': 22, 'num_epochs': 20, 'n_gram': 1, 'lr_decay_amt': 0.95, 'lr_decay_freq': 1, 'num_conv_layers': 1, 'dropout_pr': 0.34, 'site_param_dict': {'kernels': [6], 'out_lengths': [10], 'out_channels': [14]}, 'kin_param_dict': {'kernels': [60], 'out_lengths': [10], 'out_channels': [14]}}
22	{'learning_rate': 0.003, 'batch_size': 43, 'll_size': 20, 'emb_dim': 22, 'num_epochs': 20, 'n_gram': 1, 'lr_decay_amt': 0.97, 'lr_decay_freq': 1, 'num_conv_layers': 1, 'dropout_pr': 0.34, 'site_param_dict': {'kernels': [8], 'out_lengths': [8], 'out_channels': [20]}, 'kin_param_dict': {'kernels': [80], 'out_lengths': [8], 'out_channels': [20]}}
23	{'learning_rate': 0.003, 'batch_size': 46, 'll_size': 30, 'emb_dim': 22, 'num_epochs': 20, 'n_gram': 1, 'lr_decay_amt': 0.97, 'lr_decay_freq': 1, 'num_conv_layers': 1, 'dropout_pr': 0.32, 'site_param_dict': {'kernels': [10], 'out_lengths': [6], 'out_channels': [22]}, 'kin_param_dict': {'kernels': [100], 'out_lengths': [6], 'out_channels': [22]}}
24	{'learning_rate': 0.003, 'batch_size': 54, 'll_size': 30, 'emb_dim': 22, 'num_epochs': 20, 'n_gram': 1, 'lr_decay_amt': 0.95, 'lr_decay_freq': 1, 'num_conv_layers': 1, 'dropout_pr': 0.4, 'site_param_dict': {'kernels': [6], 'out_lengths': [10], 'out_channels': [14]}, 'kin_param_dict': {'kernels': [60], 'out_lengths': [10], 'out_channels': [14]}}
25	{'learning_rate': 0.003, 'batch_size': 54, 'll_size': 30, 'emb_dim': 22, 'num_epochs': 15, 'n_gram': 1, 'lr_decay_amt': 0.95, 'lr_decay_freq': 1, 'num_conv_layers': 1, 'dropout_pr': 0.32, 'site_param_dict': {'kernels': [10], 'out_lengths': [6], 'out_channels': [22]}, 'kin_param_dict': {'kernels': [100], 'out_lengths': [6], 'out_channels': [22]}}
26	{'learning_rate': 0.003, 'batch_size': 54, 'll_size': 20, 'emb_dim': 22, 'num_epochs': 15, 'n_gram': 1, 'lr_decay_amt': 0.96, 'lr_decay_freq': 1, 'num_conv_layers': 1, 'dropout_pr': 0.32, 'site_param_dict': {'kernels': [8], 'out_lengths': [8], 'out_channels': [20]}, 'kin_param_dict': {'kernels': [80], 'out_lengths': [8], 'out_channels': [20]}}
27	{'learning_rate': 0.003, 'batch_size': 50, 'll_size': 20, 'emb_dim': 22, 'num_epochs': 20, 'n_gram': 1, 'lr_decay_amt': 0.97, 'lr_decay_freq': 1, 'num_conv_layers': 1, 'dropout_pr': 0.34, 'site_param_dict': {'kernels': [6], 'out_lengths': [10], 'out_channels': [14]}, 'kin_param_dict': {'kernels': [60], 'out_lengths': [10], 'out_channels': [14]}}
28	{'learning_rate': 0.003, 'batch_size': 54, 'll_size': 25, 'emb_dim': 22, 'num_epochs': 20, 'n_gram': 1, 'lr_decay_amt': 0.97, 'lr_decay_freq': 1, 'num_conv_layers': 1, 'dropout_pr': 0.3, 'site_param_dict': {'kernels': [8], 'out_lengths': [8], 'out_channels': [20]}, 'kin_param_dict': {'kernels': [80], 'out_lengths': [8], 'out_channels': [20]}}
29	{'learning_rate': 0.003, 'batch_size': 50, 'll_size': 30, 'emb_dim': 22, 'num_epochs': 15, 'n_gram': 1, 'lr_decay_amt': 0.95, 'lr_decay_freq': 1, 'num_conv_layers': 1, 'dropout_pr': 0.4, 'site_param_dict': {'kernels': [8], 'out_lengths': [8], 'out_channels': [20]}, 'kin_param_dict': {'kernels': [80], 'out_lengths': [8], 'out_channels': [20]}}
30	{'learning_rate': 0.003, 'batch_size': 57, 'll_size': 25, 'emb_dim': 22, 'num_epochs': 15, 'n_gram': 1, 'lr_decay_amt': 0.96, 'lr_decay_freq': 1, 'num_conv_layers': 1, 'dropout_pr': 0.37, 'site_param_dict': {'kernels': [6], 'out_lengths': [10], 'out_channels': [14]}, 'kin_param_dict': {'kernels': [60], 'out_lengths': [10], 'out_channels': [14]}}
31	{'learning_rate': 0.003, 'batch_size': 46, 'll_size': 25, 'emb_dim': 22, 'num_epochs': 20, 'n_gram': 1, 'lr_decay_amt': 0.97, 'lr_decay_freq': 1, 'num_conv_layers': 1, 'dropout_pr': 0.4, 'site_param_dict': {'kernels': [6], 'out_lengths': [10], 'out_channels': [14]}, 'kin_param_dict': {'kernels': [60], 'out_lengths': [10], 'out_channels': [14]}}
32	{'learning_rate': 0.003, 'batch_size': 54, 'll_size': 30, 'emb_dim': 22, 'num_epochs': 15, 'n_gram': 1, 'lr_decay_amt': 0.97, 'lr_decay_freq': 1, 'num_conv_layers': 1, 'dropout_pr': 0.4, 'site_param_dict': {'kernels': [8], 'out_lengths': [8], 'out_channels': [20]}, 'kin_param_dict': {'kernels': [80], 'out_lengths': [8], 'out_channels': [20]}}
33	{'learning_rate': 0.003, 'batch_size': 46, 'll_size': 20, 'emb_dim': 22, 'num_epochs': 15, 'n_gram': 1, 'lr_decay_amt': 0.96, 'lr_decay_freq': 1, 'num_conv_layers': 1, 'dropout_pr': 0.3, 'site_param_dict': {'kernels': [6], 'out_lengths': [10], 'out_channels': [14]}, 'kin_param_dict': {'kernels': [60], 'out_lengths': [10], 'out_channels': [14]}}
34	{'learning_rate': 0.003, 'batch_size': 50, 'll_size': 20, 'emb_dim': 22, 'num_epochs': 15, 'n_gram': 1, 'lr_decay_amt': 0.97, 'lr_decay_freq': 1, 'num_conv_layers': 1, 'dropout_pr': 0.34, 'site_param_dict': {'kernels': [8], 'out_lengths': [8], 'out_channels': [20]}, 'kin_param_dict': {'kernels': [80], 'out_lengths': [8], 'out_channels': [20]}}
35	{'learning_rate': 0.003, 'batch_size': 46, 'll_size': 20, 'emb_dim': 22, 'num_epochs': 15, 'n_gram': 1, 'lr_decay_amt': 0.96, 'lr_decay_freq': 1, 'num_conv_layers': 1, 'dropout_pr': 0.3, 'site_param_dict': {'kernels': [8], 'out_lengths': [8], 'out_channels': [20]}, 'kin_param_dict': {'kernels': [80], 'out_lengths': [8], 'out_channels': [20]}}
36	{'learning_rate': 0.003, 'batch_size': 43, 'll_size': 30, 'emb_dim': 22, 'num_epochs': 15, 'n_gram': 1, 'lr_decay_amt': 0.95, 'lr_decay_freq': 1, 'num_conv_layers': 1, 'dropout_pr': 0.4, 'site_param_dict': {'kernels': [10], 'out_lengths': [6], 'out_channels': [22]}, 'kin_param_dict': {'kernels': [100], 'out_lengths': [6], 'out_channels': [22]}}
37	{'learning_rate': 0.003, 'batch_size': 57, 'll_size': 30, 'emb_dim': 22, 'num_epochs': 15, 'n_gram': 1, 'lr_decay_amt': 0.95, 'lr_decay_freq': 1, 'num_conv_layers': 1, 'dropout_pr': 0.34, 'site_param_dict': {'kernels': [6], 'out_lengths': [10], 'out_channels': [14]}, 'kin_param_dict': {'kernels': [60], 'out_lengths': [10], 'out_channels': [14]}}
38	{'learning_rate': 0.003, 'batch_size': 46, 'll_size': 30, 'emb_dim': 22, 'num_epochs': 20, 'n_gram': 1, 'lr_decay_amt': 0.96, 'lr_decay_freq': 1, 'num_conv_layers': 1, 'dropout_pr': 0.32, 'site_param_dict': {'kernels': [6], 'out_lengths': [10], 'out_channels': [14]}, 'kin_param_dict': {'kernels': [60], 'out_lengths': [10], 'out_channels': [14]}}
39	{'learning_rate': 0.003, 'batch_size': 57, 'll_size': 20, 'emb_dim': 22, 'num_epochs': 15, 'n_gram': 1, 'lr_decay_amt': 0.95, 'lr_decay_freq': 1, 'num_conv_layers': 1, 'dropout_pr': 0.37, 'site_param_dict': {'kernels': [8], 'out_lengths': [8], 'out_channels': [20]}, 'kin_param_dict': {'kernels': [80], 'out_lengths': [8], 'out_channels': [20]}}
40	{'learning_rate': 0.003, 'batch_size': 57, 'll_size': 25, 'emb_dim': 22, 'num_epochs': 20, 'n_gram': 1, 'lr_decay_amt': 0.96, 'lr_decay_freq': 1, 'num_conv_layers': 1, 'dropout_pr': 0.3, 'site_param_dict': {'kernels': [10], 'out_lengths': [6], 'out_channels': [22]}, 'kin_param_dict': {'kernels': [100], 'out_lengths': [6], 'out_channels': [22]}}
41	{'learning_rate': 0.003, 'batch_size': 46, 'll_size': 20, 'emb_dim': 22, 'num_epochs': 15, 'n_gram': 1, 'lr_decay_amt': 0.97, 'lr_decay_freq': 1, 'num_conv_layers': 1, 'dropout_pr': 0.3, 'site_param_dict': {'kernels': [6], 'out_lengths': [10], 'out_channels': [14]}, 'kin_param_dict': {'kernels': [60], 'out_lengths': [10], 'out_channels': [14]}}
42	{'learning_rate': 0.003, 'batch_size': 50, 'll_size': 25, 'emb_dim': 22, 'num_epochs': 15, 'n_gram': 1, 'lr_decay_amt': 0.95, 'lr_decay_freq': 1, 'num_conv_layers': 1, 'dropout_pr': 0.32, 'site_param_dict': {'kernels': [10], 'out_lengths': [6], 'out_channels': [22]}, 'kin_param_dict': {'kernels': [100], 'out_lengths': [6], 'out_channels': [22]}}
43	{'learning_rate': 0.003, 'batch_size': 43, 'll_size': 30, 'emb_dim': 22, 'num_epochs': 15, 'n_gram': 1, 'lr_decay_amt': 0.96, 'lr_decay_freq': 1, 'num_conv_layers': 1, 'dropout_pr': 0.34, 'site_param_dict': {'kernels': [8], 'out_lengths': [8], 'out_channels': [20]}, 'kin_param_dict': {'kernels': [80], 'out_lengths': [8], 'out_channels': [20]}}
44	{'learning_rate': 0.003, 'batch_size': 43, 'll_size': 25, 'emb_dim': 22, 'num_epochs': 20, 'n_gram': 1, 'lr_decay_amt': 0.96, 'lr_decay_freq': 1, 'num_conv_layers': 1, 'dropout_pr': 0.3, 'site_param_dict': {'kernels': [8], 'out_lengths': [8], 'out_channels': [20]}, 'kin_param_dict': {'kernels': [80], 'out_lengths': [8], 'out_channels': [20]}}
45	{'learning_rate': 0.003, 'batch_size': 57, 'll_size': 20, 'emb_dim': 22, 'num_epochs': 1, 'n_gram': 1, 'lr_decay_amt': 0.95, 'lr_decay_freq': 1, 'num_conv_layers': 1, 'dropout_pr': 0.37, 'site_param_dict': {'kernels': [8], 'out_lengths': [8], 'out_channels': [20]}, 'kin_param_dict': {'kernels': [80], 'out_lengths': [8], 'out_channels': [20]}}
46	{'learning_rate': 0.003, 'batch_size': 57, 'll_size': 20, 'emb_dim': 22, 'num_epochs': 5, 'n_gram': 1, 'lr_decay_amt': 0.95, 'lr_decay_freq': 1, 'num_conv_layers': 1, 'dropout_pr': 0.37, 'site_param_dict': {'kernels': [8], 'out_lengths': [8], 'out_channels': [20]}, 'kin_param_dict': {'kernels': [80], 'out_lengths': [8], 'out_channels': [20]}}
47	{'learning_rate': 0.003, 'batch_size': 57, 'll_size': 20, 'emb_dim': 22, 'num_epochs': 15, 'n_gram': 1, 'lr_decay_amt': 0.95, 'lr_decay_freq': 1, 'num_conv_layers': 1, 'dropout_pr': 0.37, 'site_param_dict': {'kernels': [8], 'out_lengths': [8], 'out_channels': [20]}, 'kin_param_dict': {'kernels': [160], 'out_lengths': [8], 'out_channels': [20]}}
48	{'learning_rate': 0.003, 'batch_size': 64, 'll1_size': 100, 'll2_size': 20, 'emb_dim': 22, 'num_epochs': 22, 'n_gram': 1, 'lr_decay_amt': 0.95, 'lr_decay_freq': 1, 'num_conv_layers': 1, 'site_param_dict': {'kernels': [8], 'out_lengths': [8], 'out_channels': [20]}, 'kin_param_dict': {'kernels': [80], 'out_lengths': [8], 'out_channels': [20]}, 'dropout_pr': 0.23}
49	{'learning_rate': 0.003, 'batch_size': 60, 'll1_size': 10, 'll2_size': 100, 'emb_dim': 22, 'num_epochs': 18, 'n_gram': 1, 'lr_decay_amt': 0.95, 'lr_decay_freq': 1, 'num_conv_layers': 1, 'site_param_dict': {'kernels': [8], 'out_lengths': [8], 'out_channels': [20]}, 'kin_param_dict': {'kernels': [80], 'out_lengths': [8], 'out_channels': [20]}, 'dropout_pr': 0.265}
50	{'learning_rate': 0.003, 'batch_size': 57, 'll1_size': 100, 'll2_size': 20, 'emb_dim': 22, 'num_epochs': 18, 'n_gram': 1, 'lr_decay_amt': 0.95, 'lr_decay_freq': 1, 'num_conv_layers': 1, 'site_param_dict': {'kernels': [8], 'out_lengths': [8], 'out_channels': [20]}, 'kin_param_dict': {'kernels': [80], 'out_lengths': [8], 'out_channels': [20]}, 'dropout_pr': 0.335}
51	{'learning_rate': 0.003, 'batch_size': 57, 'll1_size': 100, 'll2_size': 10, 'emb_dim': 22, 'num_epochs': 12, 'n_gram': 1, 'lr_decay_amt': 0.95, 'lr_decay_freq': 1, 'num_conv_layers': 1, 'site_param_dict': {'kernels': [8], 'out_lengths': [8], 'out_channels': [20]}, 'kin_param_dict': {'kernels': [80], 'out_lengths': [8], 'out_channels': [20]}, 'dropout_pr': 0.37}
52	{'learning_rate': 0.003, 'batch_size': 64, 'll1_size': 50, 'll2_size': 20, 'emb_dim': 22, 'num_epochs': 14, 'n_gram': 1, 'lr_decay_amt': 0.95, 'lr_decay_freq': 1, 'num_conv_layers': 1, 'site_param_dict': {'kernels': [8], 'out_lengths': [8], 'out_channels': [20]}, 'kin_param_dict': {'kernels': [80], 'out_lengths': [8], 'out_channels': [20]}, 'dropout_pr': 0.3}
53	{'learning_rate': 0.003, 'batch_size': 64, 'll1_size': 20, 'll2_size': 100, 'emb_dim': 22, 'num_epochs': 14, 'n_gram': 1, 'lr_decay_amt': 0.95, 'lr_decay_freq': 1, 'num_conv_layers': 1, 'site_param_dict': {'kernels': [8], 'out_lengths': [8], 'out_channels': [20]}, 'kin_param_dict': {'kernels': [80], 'out_lengths': [8], 'out_channels': [20]}, 'dropout_pr': 0.405}
54	{'learning_rate': 0.003, 'batch_size': 57, 'll1_size': 100, 'll2_size': 50, 'emb_dim': 22, 'num_epochs': 22, 'n_gram': 1, 'lr_decay_amt': 0.95, 'lr_decay_freq': 1, 'num_conv_layers': 1, 'site_param_dict': {'kernels': [8], 'out_lengths': [8], 'out_channels': [20]}, 'kin_param_dict': {'kernels': [80], 'out_lengths': [8], 'out_channels': [20]}, 'dropout_pr': 0.23}
55	{'learning_rate': 0.003, 'batch_size': 64, 'll1_size': 100, 'll2_size': 10, 'emb_dim': 22, 'num_epochs': 18, 'n_gram': 1, 'lr_decay_amt': 0.95, 'lr_decay_freq': 1, 'num_conv_layers': 1, 'site_param_dict': {'kernels': [8], 'out_lengths': [8], 'out_channels': [20]}, 'kin_param_dict': {'kernels': [80], 'out_lengths': [8], 'out_channels': [20]}, 'dropout_pr': 0.405}
56	{'learning_rate': 0.003, 'batch_size': 57, 'll1_size': 20, 'll2_size': 50, 'emb_dim': 22, 'num_epochs': 12, 'n_gram': 1, 'lr_decay_amt': 0.95, 'lr_decay_freq': 1, 'num_conv_layers': 1, 'site_param_dict': {'kernels': [8], 'out_lengths': [8], 'out_channels': [20]}, 'kin_param_dict': {'kernels': [80], 'out_lengths': [8], 'out_channels': [20]}, 'dropout_pr': 0.405}
57	{'learning_rate': 0.003, 'batch_size': 54, 'll1_size': 10, 'll2_size': 50, 'emb_dim': 22, 'num_epochs': 22, 'n_gram': 1, 'lr_decay_amt': 0.95, 'lr_decay_freq': 1, 'num_conv_layers': 1, 'site_param_dict': {'kernels': [8], 'out_lengths': [8], 'out_channels': [20]}, 'kin_param_dict': {'kernels': [80], 'out_lengths': [8], 'out_channels': [20]}, 'dropout_pr': 0.405}
58	{'learning_rate': 0.003, 'batch_size': 60, 'll1_size': 10, 'll2_size': 50, 'emb_dim': 22, 'num_epochs': 22, 'n_gram': 1, 'lr_decay_amt': 0.95, 'lr_decay_freq': 1, 'num_conv_layers': 1, 'site_param_dict': {'kernels': [8], 'out_lengths': [8], 'out_channels': [20]}, 'kin_param_dict': {'kernels': [80], 'out_lengths': [8], 'out_channels': [20]}, 'dropout_pr': 0.335}
59	{'learning_rate': 0.003, 'batch_size': 57, 'll1_size': 10, 'll2_size': 50, 'emb_dim': 22, 'num_epochs': 22, 'n_gram': 1, 'lr_decay_amt': 0.95, 'lr_decay_freq': 1, 'num_conv_layers': 1, 'site_param_dict': {'kernels': [8], 'out_lengths': [8], 'out_channels': [20]}, 'kin_param_dict': {'kernels': [80], 'out_lengths': [8], 'out_channels': [20]}, 'dropout_pr': 0.405}
60	{'learning_rate': 0.003, 'batch_size': 57, 'll1_size': 50, 'll2_size': 50, 'emb_dim': 22, 'num_epochs': 12, 'n_gram': 1, 'lr_decay_amt': 0.95, 'lr_decay_freq': 1, 'num_conv_layers': 1, 'site_param_dict': {'kernels': [8], 'out_lengths': [8], 'out_channels': [20]}, 'kin_param_dict': {'kernels': [80], 'out_lengths': [8], 'out_channels': [20]}, 'dropout_pr': 0.405}
61	{'learning_rate': 0.003, 'batch_size': 60, 'll1_size': 50, 'll2_size': 50, 'emb_dim': 22, 'num_epochs': 18, 'n_gram': 1, 'lr_decay_amt': 0.95, 'lr_decay_freq': 1, 'num_conv_layers': 1, 'site_param_dict': {'kernels': [8], 'out_lengths': [8], 'out_channels': [20]}, 'kin_param_dict': {'kernels': [80], 'out_lengths': [8], 'out_channels': [20]}, 'dropout_pr': 0.37}
62	{'learning_rate': 0.003, 'batch_size': 60, 'll1_size': 20, 'll2_size': 20, 'emb_dim': 22, 'num_epochs': 14, 'n_gram': 1, 'lr_decay_amt': 0.95, 'lr_decay_freq': 1, 'num_conv_layers': 1, 'site_param_dict': {'kernels': [8], 'out_lengths': [8], 'out_channels': [20]}, 'kin_param_dict': {'kernels': [80], 'out_lengths': [8], 'out_channels': [20]}, 'dropout_pr': 0.37}
63	{'learning_rate': 0.003, 'batch_size': 54, 'll1_size': 100, 'll2_size': 100, 'emb_dim': 22, 'num_epochs': 22, 'n_gram': 1, 'lr_decay_amt': 0.95, 'lr_decay_freq': 1, 'num_conv_layers': 1, 'site_param_dict': {'kernels': [8], 'out_lengths': [8], 'out_channels': [20]}, 'kin_param_dict': {'kernels': [80], 'out_lengths': [8], 'out_channels': [20]}, 'dropout_pr': 0.44}
64	{'learning_rate': 0.003, 'batch_size': 54, 'll1_size': 20, 'll2_size': 50, 'emb_dim': 22, 'num_epochs': 22, 'n_gram': 1, 'lr_decay_amt': 0.95, 'lr_decay_freq': 1, 'num_conv_layers': 1, 'site_param_dict': {'kernels': [8], 'out_lengths': [8], 'out_channels': [20]}, 'kin_param_dict': {'kernels': [80], 'out_lengths': [8], 'out_channels': [20]}, 'dropout_pr': 0.405}
65	{'learning_rate': 0.003, 'batch_size': 60, 'll1_size': 20, 'll2_size': 10, 'emb_dim': 22, 'num_epochs': 22, 'n_gram': 1, 'lr_decay_amt': 0.95, 'lr_decay_freq': 1, 'num_conv_layers': 1, 'site_param_dict': {'kernels': [8], 'out_lengths': [8], 'out_channels': [20]}, 'kin_param_dict': {'kernels': [80], 'out_lengths': [8], 'out_channels': [20]}, 'dropout_pr': 0.37}
66	{'learning_rate': 0.003, 'batch_size': 60, 'll1_size': 100, 'll2_size': 20, 'emb_dim': 22, 'num_epochs': 12, 'n_gram': 1, 'lr_decay_amt': 0.95, 'lr_decay_freq': 1, 'num_conv_layers': 1, 'site_param_dict': {'kernels': [8], 'out_lengths': [8], 'out_channels': [20]}, 'kin_param_dict': {'kernels': [80], 'out_lengths': [8], 'out_channels': [20]}, 'dropout_pr': 0.44}
67	{'learning_rate': 0.003, 'batch_size': 64, 'll1_size': 50, 'll2_size': 50, 'emb_dim': 22, 'num_epochs': 14, 'n_gram': 1, 'lr_decay_amt': 0.95, 'lr_decay_freq': 1, 'num_conv_layers': 1, 'site_param_dict': {'kernels': [8], 'out_lengths': [8], 'out_channels': [20]}, 'kin_param_dict': {'kernels': [80], 'out_lengths': [8], 'out_channels': [20]}, 'dropout_pr': 0.44}
68	{'learning_rate': 0.003, 'batch_size': 54, 'll1_size': 50, 'll2_size': 50, 'emb_dim': 22, 'num_epochs': 12, 'n_gram': 1, 'lr_decay_amt': 0.95, 'lr_decay_freq': 1, 'num_conv_layers': 1, 'site_param_dict': {'kernels': [8], 'out_lengths': [8], 'out_channels': [20]}, 'kin_param_dict': {'kernels': [80], 'out_lengths': [8], 'out_channels': [20]}, 'dropout_pr': 0.405}
69	{'learning_rate': 0.003, 'batch_size': 57, 'll1_size': 10, 'll2_size': 50, 'emb_dim': 22, 'num_epochs': 14, 'n_gram': 1, 'lr_decay_amt': 0.95, 'lr_decay_freq': 1, 'num_conv_layers': 1, 'site_param_dict': {'kernels': [8], 'out_lengths': [8], 'out_channels': [20]}, 'kin_param_dict': {'kernels': [80], 'out_lengths': [8], 'out_channels': [20]}, 'dropout_pr': 0.3}
70	{'learning_rate': 0.003, 'batch_size': 57, 'll1_size': 20, 'll2_size': 10, 'emb_dim': 22, 'num_epochs': 18, 'n_gram': 1, 'lr_decay_amt': 0.95, 'lr_decay_freq': 1, 'num_conv_layers': 1, 'site_param_dict': {'kernels': [8], 'out_lengths': [8], 'out_channels': [20]}, 'kin_param_dict': {'kernels': [80], 'out_lengths': [8], 'out_channels': [20]}, 'dropout_pr': 0.335}
71	{'learning_rate': 0.003, 'batch_size': 60, 'll1_size': 20, 'll2_size': 50, 'emb_dim': 22, 'num_epochs': 22, 'n_gram': 1, 'lr_decay_amt': 0.95, 'lr_decay_freq': 1, 'num_conv_layers': 1, 'site_param_dict': {'kernels': [8], 'out_lengths': [8], 'out_channels': [20]}, 'kin_param_dict': {'kernels': [80], 'out_lengths': [8], 'out_channels': [20]}, 'dropout_pr': 0.405}
72	{'learning_rate': 0.003, 'batch_size': 54, 'll1_size': 50, 'll2_size': 50, 'emb_dim': 22, 'num_epochs': 12, 'n_gram': 1, 'lr_decay_amt': 0.95, 'lr_decay_freq': 1, 'num_conv_layers': 1, 'site_param_dict': {'kernels': [8], 'out_lengths': [8], 'out_channels': [20]}, 'kin_param_dict': {'kernels': [80], 'out_lengths': [8], 'out_channels': [20]}, 'dropout_pr': 0.44}
73	{'learning_rate': 0.003, 'batch_size': 64, 'll1_size': 20, 'll2_size': 100, 'emb_dim': 22, 'num_epochs': 14, 'n_gram': 1, 'lr_decay_amt': 0.95, 'lr_decay_freq': 1, 'num_conv_layers': 1, 'site_param_dict': {'kernels': [8], 'out_lengths': [8], 'out_channels': [20]}, 'kin_param_dict': {'kernels': [80], 'out_lengths': [8], 'out_channels': [20]}, 'dropout_pr': 0.23}
74	{'learning_rate': 0.003, 'batch_size': 64, 'll1_size': 10, 'll2_size': 100, 'emb_dim': 22, 'num_epochs': 18, 'n_gram': 1, 'lr_decay_amt': 0.95, 'lr_decay_freq': 1, 'num_conv_layers': 1, 'site_param_dict': {'kernels': [8], 'out_lengths': [8], 'out_channels': [20]}, 'kin_param_dict': {'kernels': [80], 'out_lengths': [8], 'out_channels': [20]}, 'dropout_pr': 0.3}
75	{'learning_rate': 0.003, 'batch_size': 60, 'll1_size': 100, 'll2_size': 10, 'emb_dim': 22, 'num_epochs': 12, 'n_gram': 1, 'lr_decay_amt': 0.95, 'lr_decay_freq': 1, 'num_conv_layers': 1, 'site_param_dict': {'kernels': [8], 'out_lengths': [8], 'out_channels': [20]}, 'kin_param_dict': {'kernels': [80], 'out_lengths': [8], 'out_channels': [20]}, 'dropout_pr': 0.23}
76	{'learning_rate': 0.003, 'batch_size': 64, 'll1_size': 50, 'll2_size': 100, 'emb_dim': 22, 'num_epochs': 14, 'n_gram': 1, 'lr_decay_amt': 0.95, 'lr_decay_freq': 1, 'num_conv_layers': 1, 'site_param_dict': {'kernels': [8], 'out_lengths': [8], 'out_channels': [20]}, 'kin_param_dict': {'kernels': [80], 'out_lengths': [8], 'out_channels': [20]}, 'dropout_pr': 0.23}
77	{'learning_rate': 0.003, 'batch_size': 54, 'll1_size': 50, 'll2_size': 50, 'emb_dim': 22, 'num_epochs': 18, 'n_gram': 1, 'lr_decay_amt': 0.95, 'lr_decay_freq': 1, 'num_conv_layers': 1, 'site_param_dict': {'kernels': [8], 'out_lengths': [8], 'out_channels': [20]}, 'kin_param_dict': {'kernels': [80], 'out_lengths': [8], 'out_channels': [20]}, 'dropout_pr': 0.44}
78	{'learning_rate': 0.003, 'batch_size': 64, 'll1_size': 10, 'll2_size': 50, 'emb_dim': 22, 'num_epochs': 12, 'n_gram': 1, 'lr_decay_amt': 0.95, 'lr_decay_freq': 1, 'num_conv_layers': 1, 'site_param_dict': {'kernels': [8], 'out_lengths': [8], 'out_channels': [20]}, 'kin_param_dict': {'kernels': [80], 'out_lengths': [8], 'out_channels': [20]}, 'dropout_pr': 0.23}
79	{'learning_rate': 0.003, 'batch_size': 57, 'll1_size': 20, 'll2_size': 50, 'emb_dim': 22, 'num_epochs': 18, 'n_gram': 1, 'lr_decay_amt': 0.95, 'lr_decay_freq': 1, 'num_conv_layers': 1, 'site_param_dict': {'kernels': [8], 'out_lengths': [8], 'out_channels': [20]}, 'kin_param_dict': {'kernels': [80], 'out_lengths': [8], 'out_channels': [20]}, 'dropout_pr': 0.405}
80	{'learning_rate': 0.003, 'batch_size': 57, 'll1_size': 50, 'll2_size': 10, 'emb_dim': 22, 'num_epochs': 12, 'n_gram': 1, 'lr_decay_amt': 0.95, 'lr_decay_freq': 1, 'num_conv_layers': 1, 'site_param_dict': {'kernels': [8], 'out_lengths': [8], 'out_channels': [20]}, 'kin_param_dict': {'kernels': [80], 'out_lengths': [8], 'out_channels': [20]}, 'dropout_pr': 0.37}
81	{'learning_rate': 0.003, 'batch_size': 54, 'll1_size': 20, 'll2_size': 100, 'emb_dim': 22, 'num_epochs': 12, 'n_gram': 1, 'lr_decay_amt': 0.95, 'lr_decay_freq': 1, 'num_conv_layers': 1, 'site_param_dict': {'kernels': [8], 'out_lengths': [8], 'out_channels': [20]}, 'kin_param_dict': {'kernels': [80], 'out_lengths': [8], 'out_channels': [20]}, 'dropout_pr': 0.44}
82	{'learning_rate': 0.003, 'batch_size': 60, 'll1_size': 10, 'll2_size': 50, 'emb_dim': 22, 'num_epochs': 18, 'n_gram': 1, 'lr_decay_amt': 0.95, 'lr_decay_freq': 1, 'num_conv_layers': 1, 'site_param_dict': {'kernels': [8], 'out_lengths': [8], 'out_channels': [20]}, 'kin_param_dict': {'kernels': [80], 'out_lengths': [8], 'out_channels': [20]}, 'dropout_pr': 0.23}
83	{'learning_rate': 0.003, 'batch_size': 64, 'll1_size': 20, 'll2_size': 20, 'emb_dim': 22, 'num_epochs': 14, 'n_gram': 1, 'lr_decay_amt': 0.95, 'lr_decay_freq': 1, 'num_conv_layers': 1, 'site_param_dict': {'kernels': [8], 'out_lengths': [8], 'out_channels': [20]}, 'kin_param_dict': {'kernels': [80], 'out_lengths': [8], 'out_channels': [20]}, 'dropout_pr': 0.335}
84	{'learning_rate': 0.003, 'batch_size': 60, 'll1_size': 50, 'll2_size': 10, 'emb_dim': 22, 'num_epochs': 22, 'n_gram': 1, 'lr_decay_amt': 0.95, 'lr_decay_freq': 1, 'num_conv_layers': 1, 'site_param_dict': {'kernels': [8], 'out_lengths': [8], 'out_channels': [20]}, 'kin_param_dict': {'kernels': [80], 'out_lengths': [8], 'out_channels': [20]}, 'dropout_pr': 0.405}
85	{'learning_rate': 0.003, 'batch_size': 54, 'll1_size': 20, 'll2_size': 20, 'emb_dim': 22, 'num_epochs': 14, 'n_gram': 1, 'lr_decay_amt': 0.95, 'lr_decay_freq': 1, 'num_conv_layers': 1, 'site_param_dict': {'kernels': [8], 'out_lengths': [8], 'out_channels': [20]}, 'kin_param_dict': {'kernels': [80], 'out_lengths': [8], 'out_channels': [20]}, 'dropout_pr': 0.37}
86	{'learning_rate': 0.003, 'batch_size': 54, 'll1_size': 20, 'll2_size': 100, 'emb_dim': 22, 'num_epochs': 14, 'n_gram': 1, 'lr_decay_amt': 0.95, 'lr_decay_freq': 1, 'num_conv_layers': 1, 'site_param_dict': {'kernels': [8], 'out_lengths': [8], 'out_channels': [20]}, 'kin_param_dict': {'kernels': [80], 'out_lengths': [8], 'out_channels': [20]}, 'dropout_pr': 0.335}
87	{'learning_rate': 0.003, 'batch_size': 64, 'll1_size': 100, 'll2_size': 50, 'emb_dim': 22, 'num_epochs': 12, 'n_gram': 1, 'lr_decay_amt': 0.95, 'lr_decay_freq': 1, 'num_conv_layers': 1, 'site_param_dict': {'kernels': [8], 'out_lengths': [8], 'out_channels': [20]}, 'kin_param_dict': {'kernels': [80], 'out_lengths': [8], 'out_channels': [20]}, 'dropout_pr': 0.405}
88	{'learning_rate': 0.003, 'batch_size': 57, 'll1_size': 20, 'll2_size': 100, 'emb_dim': 22, 'num_epochs': 12, 'n_gram': 1, 'lr_decay_amt': 0.95, 'lr_decay_freq': 1, 'num_conv_layers': 1, 'site_param_dict': {'kernels': [8], 'out_lengths': [8], 'out_channels': [20]}, 'kin_param_dict': {'kernels': [80], 'out_lengths': [8], 'out_channels': [20]}, 'dropout_pr': 0.335}
89	{'learning_rate': 0.003, 'batch_size': 57, 'll1_size': 50, 'll2_size': 20, 'emb_dim': 22, 'num_epochs': 22, 'n_gram': 1, 'lr_decay_amt': 0.95, 'lr_decay_freq': 1, 'num_conv_layers': 1, 'site_param_dict': {'kernels': [8], 'out_lengths': [8], 'out_channels': [20]}, 'kin_param_dict': {'kernels': [80], 'out_lengths': [8], 'out_channels': [20]}, 'dropout_pr': 0.335}
90	{'learning_rate': 0.003, 'batch_size': 60, 'll1_size': 100, 'll2_size': 10, 'emb_dim': 22, 'num_epochs': 18, 'n_gram': 1, 'lr_decay_amt': 0.95, 'lr_decay_freq': 1, 'num_conv_layers': 1, 'site_param_dict': {'kernels': [8], 'out_lengths': [8], 'out_channels': [20]}, 'kin_param_dict': {'kernels': [80], 'out_lengths': [8], 'out_channels': [20]}, 'dropout_pr': 0.405}
91	{'learning_rate': 0.003, 'batch_size': 57, 'll1_size': 100, 'll2_size': 100, 'emb_dim': 22, 'num_epochs': 22, 'n_gram': 1, 'lr_decay_amt': 0.95, 'lr_decay_freq': 1, 'num_conv_layers': 1, 'site_param_dict': {'kernels': [8], 'out_lengths': [8], 'out_channels': [20]}, 'kin_param_dict': {'kernels': [80], 'out_lengths': [8], 'out_channels': [20]}, 'dropout_pr': 0.23}
92	{'learning_rate': 0.003, 'batch_size': 60, 'll1_size': 100, 'll2_size': 50, 'emb_dim': 22, 'num_epochs': 22, 'n_gram': 1, 'lr_decay_amt': 0.95, 'lr_decay_freq': 1, 'num_conv_layers': 1, 'site_param_dict': {'kernels': [8], 'out_lengths': [8], 'out_channels': [20]}, 'kin_param_dict': {'kernels': [80], 'out_lengths': [8], 'out_channels': [20]}, 'dropout_pr': 0.3}
93	{'learning_rate': 0.003, 'batch_size': 54, 'll1_size': 100, 'll2_size': 50, 'emb_dim': 22, 'num_epochs': 22, 'n_gram': 1, 'lr_decay_amt': 0.95, 'lr_decay_freq': 1, 'num_conv_layers': 1, 'site_param_dict': {'kernels': [8], 'out_lengths': [8], 'out_channels': [20]}, 'kin_param_dict': {'kernels': [80], 'out_lengths': [8], 'out_channels': [20]}, 'dropout_pr': 0.405}
94	{'learning_rate': 0.003, 'batch_size': 60, 'll1_size': 20, 'll2_size': 50, 'emb_dim': 22, 'num_epochs': 12, 'n_gram': 1, 'lr_decay_amt': 0.95, 'lr_decay_freq': 1, 'num_conv_layers': 1, 'site_param_dict': {'kernels': [8], 'out_lengths': [8], 'out_channels': [20]}, 'kin_param_dict': {'kernels': [80], 'out_lengths': [8], 'out_channels': [20]}, 'dropout_pr': 0.335}
95	{'learning_rate': 0.003, 'batch_size': 60, 'll1_size': 50, 'll2_size': 10, 'emb_dim': 22, 'num_epochs': 14, 'n_gram': 1, 'lr_decay_amt': 0.95, 'lr_decay_freq': 1, 'num_conv_layers': 1, 'site_param_dict': {'kernels': [8], 'out_lengths': [8], 'out_channels': [20]}, 'kin_param_dict': {'kernels': [80], 'out_lengths': [8], 'out_channels': [20]}, 'dropout_pr': 0.37}
96	{'learning_rate': 0.003, 'batch_size': 60, 'll1_size': 10, 'll2_size': 10, 'emb_dim': 22, 'num_epochs': 14, 'n_gram': 1, 'lr_decay_amt': 0.95, 'lr_decay_freq': 1, 'num_conv_layers': 1, 'site_param_dict': {'kernels': [8], 'out_lengths': [8], 'out_channels': [20]}, 'kin_param_dict': {'kernels': [80], 'out_lengths': [8], 'out_channels': [20]}, 'dropout_pr': 0.335}
97	{'learning_rate': 0.003, 'batch_size': 64, 'll1_size': 100, 'll2_size': 100, 'emb_dim': 22, 'num_epochs': 14, 'n_gram': 1, 'lr_decay_amt': 0.95, 'lr_decay_freq': 1, 'num_conv_layers': 1, 'site_param_dict': {'kernels': [8], 'out_lengths': [8], 'out_channels': [20]}, 'kin_param_dict': {'kernels': [80], 'out_lengths': [8], 'out_channels': [20]}, 'dropout_pr': 0.265}
98	{'learning_rate': 0.003, 'batch_size': 64, 'll1_size': 100, 'll2_size': 50, 'emb_dim': 22, 'num_epochs': 18, 'n_gram': 1, 'lr_decay_amt': 0.95, 'lr_decay_freq': 1, 'num_conv_layers': 1, 'dropout_pr': 0.25, 'site_param_dict': {'kernels': [1], 'out_lengths': [15], 'out_channels': [18]}, 'kin_param_dict': {'kernels': [256], 'out_lengths': [15], 'out_channels': [18]}}
99	{'learning_rate': 0.003, 'batch_size': 57, 'll1_size': 100, 'll2_size': 10, 'emb_dim': 22, 'num_epochs': 18, 'n_gram': 1, 'lr_decay_amt': 0.95, 'lr_decay_freq': 1, 'num_conv_layers': 1, 'dropout_pr': 0.3, 'site_param_dict': {'kernels': [8], 'out_lengths': [8], 'out_channels': [20]}, 'kin_param_dict': {'kernels': [80], 'out_lengths': [8], 'out_channels': [20]}}
100	{'learning_rate': 0.003, 'batch_size': 64, 'll1_size': 20, 'll2_size': 10, 'emb_dim': 22, 'num_epochs': 18, 'n_gram': 1, 'lr_decay_amt': 0.95, 'lr_decay_freq': 1, 'num_conv_layers': 1, 'dropout_pr': 0.4, 'site_param_dict': {'kernels': [8], 'out_lengths': [8], 'out_channels': [20]}, 'kin_param_dict': {'kernels': [80], 'out_lengths': [8], 'out_channels': [20]}}
101	{'learning_rate': 0.003, 'batch_size': 64, 'll1_size': 50, 'll2_size': 50, 'emb_dim': 22, 'num_epochs': 18, 'n_gram': 1, 'lr_decay_amt': 0.95, 'lr_decay_freq': 1, 'num_conv_layers': 1, 'dropout_pr': 0.4, 'site_param_dict': {'kernels': [1], 'out_lengths': [15], 'out_channels': [18]}, 'kin_param_dict': {'kernels': [256], 'out_lengths': [15], 'out_channels': [18]}}
102	{'learning_rate': 0.003, 'batch_size': 57, 'll1_size': 50, 'll2_size': 10, 'emb_dim': 22, 'num_epochs': 18, 'n_gram': 1, 'lr_decay_amt': 0.95, 'lr_decay_freq': 1, 'num_conv_layers': 1, 'dropout_pr': 0.25, 'site_param_dict': {'kernels': [8], 'out_lengths': [8], 'out_channels': [20]}, 'kin_param_dict': {'kernels': [80], 'out_lengths': [8], 'out_channels': [20]}}
103	{'learning_rate': 0.003, 'batch_size': 64, 'll1_size': 100, 'll2_size': 25, 'emb_dim': 22, 'num_epochs': 18, 'n_gram': 1, 'lr_decay_amt': 0.95, 'lr_decay_freq': 1, 'num_conv_layers': 1, 'dropout_pr': 0.3, 'site_param_dict': {'kernels': [10], 'out_lengths': [6], 'out_channels': [22]}, 'kin_param_dict': {'kernels': [100], 'out_lengths': [6], 'out_channels': [22]}}
104	{'learning_rate': 0.003, 'batch_size': 64, 'll1_size': 20, 'll2_size': 10, 'emb_dim': 22, 'num_epochs': 18, 'n_gram': 1, 'lr_decay_amt': 0.95, 'lr_decay_freq': 1, 'num_conv_layers': 1, 'dropout_pr': 0.25, 'site_param_dict': {'kernels': [1], 'out_lengths': [15], 'out_channels': [18]}, 'kin_param_dict': {'kernels': [32], 'out_lengths': [15], 'out_channels': [18]}}
105	{'learning_rate': 0.003, 'batch_size': 64, 'll1_size': 100, 'll2_size': 25, 'emb_dim': 22, 'num_epochs': 18, 'n_gram': 1, 'lr_decay_amt': 0.95, 'lr_decay_freq': 1, 'num_conv_layers': 1, 'dropout_pr': 0.25, 'site_param_dict': {'kernels': [1], 'out_lengths': [15], 'out_channels': [18]}, 'kin_param_dict': {'kernels': [256], 'out_lengths': [15], 'out_channels': [18]}}
106	{'learning_rate': 0.003, 'batch_size': 57, 'll1_size': 20, 'll2_size': 50, 'emb_dim': 22, 'num_epochs': 18, 'n_gram': 1, 'lr_decay_amt': 0.95, 'lr_decay_freq': 1, 'num_conv_layers': 1, 'dropout_pr': 0.3, 'site_param_dict': {'kernels': [1], 'out_lengths': [15], 'out_channels': [18]}, 'kin_param_dict': {'kernels': [32], 'out_lengths': [15], 'out_channels': [18]}}
107	{'learning_rate': 0.003, 'batch_size': 57, 'll1_size': 50, 'll2_size': 10, 'emb_dim': 22, 'num_epochs': 18, 'n_gram': 1, 'lr_decay_amt': 0.95, 'lr_decay_freq': 1, 'num_conv_layers': 1, 'dropout_pr': 0.35, 'site_param_dict': {'kernels': [1], 'out_lengths': [15], 'out_channels': [18]}, 'kin_param_dict': {'kernels': [256], 'out_lengths': [15], 'out_channels': [18]}}
108	{'learning_rate': 0.003, 'batch_size': 64, 'll1_size': 50, 'll2_size': 25, 'emb_dim': 22, 'num_epochs': 18, 'n_gram': 1, 'lr_decay_amt': 0.95, 'lr_decay_freq': 1, 'num_conv_layers': 1, 'dropout_pr': 0.25, 'site_param_dict': {'kernels': [10], 'out_lengths': [6], 'out_channels': [22]}, 'kin_param_dict': {'kernels': [100], 'out_lengths': [6], 'out_channels': [22]}}
109	{'learning_rate': 0.003, 'batch_size': 57, 'll1_size': 100, 'll2_size': 50, 'emb_dim': 22, 'num_epochs': 18, 'n_gram': 1, 'lr_decay_amt': 0.95, 'lr_decay_freq': 1, 'num_conv_layers': 1, 'dropout_pr': 0.4, 'site_param_dict': {'kernels': [1], 'out_lengths': [15], 'out_channels': [18]}, 'kin_param_dict': {'kernels': [256], 'out_lengths': [15], 'out_channels': [18]}}
110	{'learning_rate': 0.003, 'batch_size': 64, 'll1_size': 20, 'll2_size': 25, 'emb_dim': 22, 'num_epochs': 18, 'n_gram': 1, 'lr_decay_amt': 0.95, 'lr_decay_freq': 1, 'num_conv_layers': 1, 'dropout_pr': 0.35, 'site_param_dict': {'kernels': [1], 'out_lengths': [15], 'out_channels': [18]}, 'kin_param_dict': {'kernels': [32], 'out_lengths': [15], 'out_channels': [18]}}
111	{'learning_rate': 0.003, 'batch_size': 64, 'll1_size': 50, 'll2_size': 10, 'emb_dim': 22, 'num_epochs': 18, 'n_gram': 1, 'lr_decay_amt': 0.95, 'lr_decay_freq': 1, 'num_conv_layers': 1, 'dropout_pr': 0.35, 'site_param_dict': {'kernels': [1], 'out_lengths': [15], 'out_channels': [18]}, 'kin_param_dict': {'kernels': [256], 'out_lengths': [15], 'out_channels': [18]}}
112	{'learning_rate': 0.003, 'batch_size': 57, 'll1_size': 50, 'll2_size': 10, 'emb_dim': 22, 'num_epochs': 18, 'n_gram': 1, 'lr_decay_amt': 0.95, 'lr_decay_freq': 1, 'num_conv_layers': 1, 'dropout_pr': 0.4, 'site_param_dict': {'kernels': [1], 'out_lengths': [15], 'out_channels': [18]}, 'kin_param_dict': {'kernels': [32], 'out_lengths': [15], 'out_channels': [18]}}
113	{'learning_rate': 0.003, 'batch_size': 64, 'll1_size': 100, 'll2_size': 10, 'emb_dim': 22, 'num_epochs': 18, 'n_gram': 1, 'lr_decay_amt': 0.95, 'lr_decay_freq': 1, 'num_conv_layers': 1, 'dropout_pr': 0.25, 'site_param_dict': {'kernels': [1], 'out_lengths': [15], 'out_channels': [18]}, 'kin_param_dict': {'kernels': [32], 'out_lengths': [15], 'out_channels': [18]}}
114	{'learning_rate': 0.003, 'batch_size': 64, 'll1_size': 100, 'll2_size': 10, 'emb_dim': 22, 'num_epochs': 18, 'n_gram': 1, 'lr_decay_amt': 0.95, 'lr_decay_freq': 1, 'num_conv_layers': 1, 'dropout_pr': 0.25, 'site_param_dict': {'kernels': [1], 'out_lengths': [15], 'out_channels': [18]}, 'kin_param_dict': {'kernels': [256], 'out_lengths': [15], 'out_channels': [18]}}
115	{'learning_rate': 0.003, 'batch_size': 64, 'll1_size': 50, 'll2_size': 10, 'emb_dim': 22, 'num_epochs': 18, 'n_gram': 1, 'lr_decay_amt': 0.95, 'lr_decay_freq': 1, 'num_conv_layers': 1, 'dropout_pr': 0.4, 'site_param_dict': {'kernels': [1], 'out_lengths': [15], 'out_channels': [18]}, 'kin_param_dict': {'kernels': [32], 'out_lengths': [15], 'out_channels': [18]}}
116	{'learning_rate': 0.003, 'batch_size': 64, 'll1_size': 20, 'll2_size': 25, 'emb_dim': 22, 'num_epochs': 18, 'n_gram': 1, 'lr_decay_amt': 0.95, 'lr_decay_freq': 1, 'num_conv_layers': 1, 'dropout_pr': 0.35, 'site_param_dict': {'kernels': [10], 'out_lengths': [6], 'out_channels': [22]}, 'kin_param_dict': {'kernels': [100], 'out_lengths': [6], 'out_channels': [22]}}
117	{'learning_rate': 0.003, 'batch_size': 57, 'll1_size': 50, 'll2_size': 10, 'emb_dim': 22, 'num_epochs': 18, 'n_gram': 1, 'lr_decay_amt': 0.95, 'lr_decay_freq': 1, 'num_conv_layers': 1, 'dropout_pr': 0.25, 'site_param_dict': {'kernels': [10], 'out_lengths': [6], 'out_channels': [22]}, 'kin_param_dict': {'kernels': [100], 'out_lengths': [6], 'out_channels': [22]}}
118	{'learning_rate': 0.003, 'batch_size': 64, 'll1_size': 50, 'll2_size': 25, 'emb_dim': 22, 'num_epochs': 18, 'n_gram': 1, 'lr_decay_amt': 0.95, 'lr_decay_freq': 1, 'num_conv_layers': 1, 'dropout_pr': 0.25, 'site_param_dict': {'kernels': [1], 'out_lengths': [15], 'out_channels': [18]}, 'kin_param_dict': {'kernels': [256], 'out_lengths': [15], 'out_channels': [18]}}
119	{'learning_rate': 0.003, 'batch_size': 57, 'll1_size': 20, 'll2_size': 50, 'emb_dim': 22, 'num_epochs': 18, 'n_gram': 1, 'lr_decay_amt': 0.95, 'lr_decay_freq': 1, 'num_conv_layers': 1, 'dropout_pr': 0.3, 'site_param_dict': {'kernels': [1], 'out_lengths': [15], 'out_channels': [18]}, 'kin_param_dict': {'kernels': [256], 'out_lengths': [15], 'out_channels': [18]}}
120	{'learning_rate': 0.003, 'batch_size': 64, 'll1_size': 50, 'll2_size': 25, 'emb_dim': 22, 'num_epochs': 18, 'n_gram': 1, 'lr_decay_amt': 0.95, 'lr_decay_freq': 1, 'num_conv_layers': 1, 'dropout_pr': 0.25, 'site_param_dict': {'kernels': [1], 'out_lengths': [15], 'out_channels': [18]}, 'kin_param_dict': {'kernels': [256], 'out_lengths': [15], 'out_channels': [18]}}
121	{'learning_rate': 0.003, 'batch_size': 64, 'll1_size': 20, 'll2_size': 50, 'emb_dim': 22, 'num_epochs': 18, 'n_gram': 1, 'lr_decay_amt': 0.95, 'lr_decay_freq': 1, 'num_conv_layers': 1, 'dropout_pr': 0.3, 'site_param_dict': {'kernels': [1], 'out_lengths': [15], 'out_channels': [18]}, 'kin_param_dict': {'kernels': [32], 'out_lengths': [15], 'out_channels': [18]}}
122	{'learning_rate': 0.003, 'batch_size': 64, 'll1_size': 50, 'll2_size': 50, 'emb_dim': 22, 'num_epochs': 18, 'n_gram': 1, 'lr_decay_amt': 0.95, 'lr_decay_freq': 1, 'num_conv_layers': 1, 'dropout_pr': 0.3, 'site_param_dict': {'kernels': [8], 'out_lengths': [8], 'out_channels': [20]}, 'kin_param_dict': {'kernels': [80], 'out_lengths': [8], 'out_channels': [20]}}
123	{'learning_rate': 0.003, 'batch_size': 64, 'll1_size': 50, 'll2_size': 25, 'emb_dim': 22, 'num_epochs': 18, 'n_gram': 1, 'lr_decay_amt': 0.95, 'lr_decay_freq': 1, 'num_conv_layers': 1, 'dropout_pr': 0.25, 'site_param_dict': {'kernels': [8], 'out_lengths': [8], 'out_channels': [20]}, 'kin_param_dict': {'kernels': [80], 'out_lengths': [8], 'out_channels': [20]}}
124	{'learning_rate': 0.003, 'batch_size': 57, 'll1_size': 20, 'll2_size': 10, 'emb_dim': 22, 'num_epochs': 18, 'n_gram': 1, 'lr_decay_amt': 0.95, 'lr_decay_freq': 1, 'num_conv_layers': 1, 'dropout_pr': 0.335, 'site_param_dict': {'kernels': [8], 'out_lengths': [8], 'out_channels': [20]}, 'kin_param_dict': {'kernels': [80], 'out_lengths': [8], 'out_channels': [20]}}
125	{'learning_rate': 0.003, 'batch_size': 57, 'll1_size': 20, 'll2_size': 10, 'emb_dim': 22, 'num_epochs': 50, 'n_gram': 1, 'lr_decay_amt': 0.95, 'lr_decay_freq': 1, 'num_conv_layers': 1, 'dropout_pr': 0.335, 'site_param_dict': {'kernels': [8], 'out_lengths': [8], 'out_channels': [20]}, 'kin_param_dict': {'kernels': [80], 'out_lengths': [8], 'out_channels': [20]}}
126	{'learning_rate': 0.003, 'batch_size': 57, 'll1_size': 20, 'll2_size': 10, 'emb_dim': 22, 'num_epochs': 50, 'n_gram': 1, 'lr_decay_amt': 0.95, 'lr_decay_freq': 1, 'num_conv_layers': 1, 'dropout_pr': 0.5, 'site_param_dict': {'kernels': [8], 'out_lengths': [8], 'out_channels': [20]}, 'kin_param_dict': {'kernels': [80], 'out_lengths': [8], 'out_channels': [20]}}
127	{'learning_rate': 0.003, 'batch_size': 57, 'll1_size': 20, 'll2_size': 10, 'emb_dim': 22, 'num_epochs': 10, 'n_gram': 1, 'lr_decay_amt': 0.95, 'lr_decay_freq': 1, 'num_conv_layers': 1, 'dropout_pr': 0.335, 'site_param_dict': {'kernels': [8], 'out_lengths': [8], 'out_channels': [20]}, 'kin_param_dict': {'kernels': [80], 'out_lengths': [8], 'out_channels': [20]}}
128	{'learning_rate': 0.003, 'batch_size': 57, 'll1_size': 20, 'll2_size': 10, 'emb_dim': 22, 'num_epochs': 18, 'n_gram': 1, 'lr_decay_amt': 0.95, 'lr_decay_freq': 1, 'num_conv_layers': 1, 'dropout_pr': 0.5, 'site_param_dict': {'kernels': [8], 'out_lengths': [8], 'out_channels': [20]}, 'kin_param_dict': {'kernels': [80], 'out_lengths': [8], 'out_channels': [20]}}
129	{'learning_rate': 0.003, 'batch_size': 57, 'll1_size': 20, 'll2_size': 10, 'emb_dim': 22, 'num_epochs': 10, 'n_gram': 1, 'lr_decay_amt': 0.5, 'lr_decay_freq': 5, 'num_conv_layers': 1, 'dropout_pr': 0.335, 'site_param_dict': {'kernels': [8], 'out_lengths': [8], 'out_channels': [20]}, 'kin_param_dict': {'kernels': [80], 'out_lengths': [8], 'out_channels': [20]}}
130	{'learning_rate': 0.003, 'batch_size': 57, 'll1_size': 20, 'll2_size': 10, 'emb_dim': 22, 'num_epochs': 9, 'n_gram': 1, 'lr_decay_amt': 0.4, 'lr_decay_freq': 5, 'num_conv_layers': 1, 'dropout_pr': 0.335, 'site_param_dict': {'kernels': [8], 'out_lengths': [8], 'out_channels': [20]}, 'kin_param_dict': {'kernels': [80], 'out_lengths': [8], 'out_channels': [20]}}
131	{'learning_rate': 0.003, 'batch_size': 57, 'll1_size': 20, 'll2_size': 10, 'emb_dim': 22, 'num_epochs': 8, 'n_gram': 1, 'lr_decay_amt': 0.35, 'lr_decay_freq': 6, 'num_conv_layers': 1, 'dropout_pr': 0.335, 'site_param_dict': {'kernels': [8], 'out_lengths': [8], 'out_channels': [20]}, 'kin_param_dict': {'kernels': [80], 'out_lengths': [8], 'out_channels': [20]}}
132	{'learning_rate': 0.003, 'batch_size': 64, 'll1_size': 20, 'll2_size': 10, 'emb_dim': 24, 'num_epochs': 9, 'n_gram': 1, 'lr_decay_amt': 0.5, 'lr_decay_freq': 3, 'num_conv_layers': 1, 'dropout_pr': 0.3, 'site_param_dict': {'kernels': [8], 'out_lengths': [8], 'out_channels': [20]}, 'kin_param_dict': {'kernels': [80], 'out_lengths': [8], 'out_channels': [20]}}
133	{'learning_rate': 0.003, 'batch_size': 64, 'll1_size': 20, 'll2_size': 25, 'emb_dim': 20, 'num_epochs': 9, 'n_gram': 1, 'lr_decay_amt': 0.3, 'lr_decay_freq': 2, 'num_conv_layers': 1, 'dropout_pr': 0.35, 'site_param_dict': {'kernels': [8], 'out_lengths': [8], 'out_channels': [20]}, 'kin_param_dict': {'kernels': [80], 'out_lengths': [8], 'out_channels': [20]}}
134	{'learning_rate': 0.003, 'batch_size': 57, 'll1_size': 50, 'll2_size': 25, 'emb_dim': 20, 'num_epochs': 10, 'n_gram': 1, 'lr_decay_amt': 0.4, 'lr_decay_freq': 3, 'num_conv_layers': 1, 'dropout_pr': 0.25, 'site_param_dict': {'kernels': [8], 'out_lengths': [8], 'out_channels': [20]}, 'kin_param_dict': {'kernels': [80], 'out_lengths': [8], 'out_channels': [20]}}
135	{'learning_rate': 0.003, 'batch_size': 64, 'll1_size': 20, 'll2_size': 10, 'emb_dim': 22, 'num_epochs': 9, 'n_gram': 1, 'lr_decay_amt': 0.5, 'lr_decay_freq': 2, 'num_conv_layers': 1, 'dropout_pr': 0.35, 'site_param_dict': {'kernels': [8], 'out_lengths': [8], 'out_channels': [20]}, 'kin_param_dict': {'kernels': [80], 'out_lengths': [8], 'out_channels': [20]}}
136	{'learning_rate': 0.003, 'batch_size': 57, 'll1_size': 50, 'll2_size': 25, 'emb_dim': 22, 'num_epochs': 9, 'n_gram': 1, 'lr_decay_amt': 0.5, 'lr_decay_freq': 5, 'num_conv_layers': 1, 'dropout_pr': 0.35, 'site_param_dict': {'kernels': [8], 'out_lengths': [8], 'out_channels': [20]}, 'kin_param_dict': {'kernels': [80], 'out_lengths': [8], 'out_channels': [20]}}
137	{'learning_rate': 0.003, 'batch_size': 64, 'll1_size': 50, 'll2_size': 25, 'emb_dim': 22, 'num_epochs': 10, 'n_gram': 1, 'lr_decay_amt': 0.4, 'lr_decay_freq': 5, 'num_conv_layers': 1, 'dropout_pr': 0.3, 'site_param_dict': {'kernels': [8], 'out_lengths': [8], 'out_channels': [20]}, 'kin_param_dict': {'kernels': [80], 'out_lengths': [8], 'out_channels': [20]}}
138	{'learning_rate': 0.003, 'batch_size': 64, 'll1_size': 20, 'll2_size': 10, 'emb_dim': 22, 'num_epochs': 9, 'n_gram': 1, 'lr_decay_amt': 0.5, 'lr_decay_freq': 3, 'num_conv_layers': 1, 'dropout_pr': 0.3, 'site_param_dict': {'kernels': [8], 'out_lengths': [8], 'out_channels': [20]}, 'kin_param_dict': {'kernels': [80], 'out_lengths': [8], 'out_channels': [20]}}
139	{'learning_rate': 0.003, 'batch_size': 57, 'll1_size': 20, 'll2_size': 10, 'emb_dim': 22, 'num_epochs': 9, 'n_gram': 1, 'lr_decay_amt': 0.3, 'lr_decay_freq': 3, 'num_conv_layers': 1, 'dropout_pr': 0.3, 'site_param_dict': {'kernels': [8], 'out_lengths': [8], 'out_channels': [20]}, 'kin_param_dict': {'kernels': [80], 'out_lengths': [8], 'out_channels': [20]}}
140	{'learning_rate': 0.003, 'batch_size': 57, 'll1_size': 50, 'll2_size': 25, 'emb_dim': 22, 'num_epochs': 10, 'n_gram': 1, 'lr_decay_amt': 0.4, 'lr_decay_freq': 3, 'num_conv_layers': 1, 'dropout_pr': 0.35, 'site_param_dict': {'kernels': [8], 'out_lengths': [8], 'out_channels': [20]}, 'kin_param_dict': {'kernels': [80], 'out_lengths': [8], 'out_channels': [20]}}
141	{'learning_rate': 0.003, 'batch_size': 64, 'll1_size': 50, 'll2_size': 25, 'emb_dim': 22, 'num_epochs': 8, 'n_gram': 1, 'lr_decay_amt': 0.4, 'lr_decay_freq': 5, 'num_conv_layers': 1, 'dropout_pr': 0.25, 'site_param_dict': {'kernels': [8], 'out_lengths': [8], 'out_channels': [20]}, 'kin_param_dict': {'kernels': [80], 'out_lengths': [8], 'out_channels': [20]}}
142	{'learning_rate': 0.003, 'batch_size': 57, 'll1_size': 50, 'll2_size': 10, 'emb_dim': 22, 'num_epochs': 10, 'n_gram': 1, 'lr_decay_amt': 0.4, 'lr_decay_freq': 5, 'num_conv_layers': 1, 'dropout_pr': 0.35, 'site_param_dict': {'kernels': [8], 'out_lengths': [8], 'out_channels': [20]}, 'kin_param_dict': {'kernels': [80], 'out_lengths': [8], 'out_channels': [20]}}
143	{'learning_rate': 0.003, 'batch_size': 57, 'll1_size': 50, 'll2_size': 10, 'emb_dim': 22, 'num_epochs': 9, 'n_gram': 1, 'lr_decay_amt': 0.4, 'lr_decay_freq': 2, 'num_conv_layers': 1, 'dropout_pr': 0.3, 'site_param_dict': {'kernels': [8], 'out_lengths': [8], 'out_channels': [20]}, 'kin_param_dict': {'kernels': [80], 'out_lengths': [8], 'out_channels': [20]}}
144	{'learning_rate': 0.003, 'batch_size': 57, 'll1_size': 50, 'll2_size': 25, 'emb_dim': 22, 'num_epochs': 10, 'n_gram': 1, 'lr_decay_amt': 0.5, 'lr_decay_freq': 5, 'num_conv_layers': 1, 'dropout_pr': 0.35, 'site_param_dict': {'kernels': [8], 'out_lengths': [8], 'out_channels': [20]}, 'kin_param_dict': {'kernels': [80], 'out_lengths': [8], 'out_channels': [20]}}
145	{'learning_rate': 0.003, 'batch_size': 64, 'll1_size': 50, 'll2_size': 25, 'emb_dim': 22, 'num_epochs': 9, 'n_gram': 1, 'lr_decay_amt': 0.3, 'lr_decay_freq': 5, 'num_conv_layers': 1, 'dropout_pr': 0.35, 'site_param_dict': {'kernels': [8], 'out_lengths': [8], 'out_channels': [20]}, 'kin_param_dict': {'kernels': [80], 'out_lengths': [8], 'out_channels': [20]}}
146	{'learning_rate': 0.003, 'batch_size': 64, 'll1_size': 20, 'll2_size': 10, 'emb_dim': 22, 'num_epochs': 10, 'n_gram': 1, 'lr_decay_amt': 0.4, 'lr_decay_freq': 3, 'num_conv_layers': 1, 'dropout_pr': 0.4, 'site_param_dict': {'kernels': [8], 'out_lengths': [8], 'out_channels': [20]}, 'kin_param_dict': {'kernels': [80], 'out_lengths': [8], 'out_channels': [20]}}
147	{'learning_rate': 0.003, 'batch_size': 64, 'll1_size': 20, 'll2_size': 10, 'emb_dim': 22, 'num_epochs': 9, 'n_gram': 1, 'lr_decay_amt': 0.4, 'lr_decay_freq': 5, 'num_conv_layers': 1, 'dropout_pr': 0.25, 'site_param_dict': {'kernels': [8], 'out_lengths': [8], 'out_channels': [20]}, 'kin_param_dict': {'kernels': [80], 'out_lengths': [8], 'out_channels': [20]}}
148	{'learning_rate': 0.003, 'batch_size': 57, 'll1_size': 50, 'll2_size': 25, 'emb_dim': 22, 'num_epochs': 9, 'n_gram': 1, 'lr_decay_amt': 0.3, 'lr_decay_freq': 3, 'num_conv_layers': 1, 'dropout_pr': 0.35, 'site_param_dict': {'kernels': [8], 'out_lengths': [8], 'out_channels': [20]}, 'kin_param_dict': {'kernels': [80], 'out_lengths': [8], 'out_channels': [20]}}
149	{'learning_rate': 0.003, 'batch_size': 64, 'll1_size': 20, 'll2_size': 10, 'emb_dim': 22, 'num_epochs': 10, 'n_gram': 1, 'lr_decay_amt': 0.4, 'lr_decay_freq': 2, 'num_conv_layers': 1, 'dropout_pr': 0.25, 'site_param_dict': {'kernels': [8], 'out_lengths': [8], 'out_channels': [20]}, 'kin_param_dict': {'kernels': [80], 'out_lengths': [8], 'out_channels': [20]}}
150	{'learning_rate': 0.003, 'batch_size': 57, 'll1_size': 20, 'll2_size': 25, 'emb_dim': 22, 'num_epochs': 8, 'n_gram': 1, 'lr_decay_amt': 0.5, 'lr_decay_freq': 5, 'num_conv_layers': 1, 'dropout_pr': 0.4, 'site_param_dict': {'kernels': [8], 'out_lengths': [8], 'out_channels': [20]}, 'kin_param_dict': {'kernels': [80], 'out_lengths': [8], 'out_channels': [20]}}
151	{'learning_rate': 0.003, 'batch_size': 64, 'll1_size': 20, 'll2_size': 25, 'emb_dim': 22, 'num_epochs': 10, 'n_gram': 1, 'lr_decay_amt': 0.4, 'lr_decay_freq': 5, 'num_conv_layers': 1, 'dropout_pr': 0.3, 'site_param_dict': {'kernels': [8], 'out_lengths': [8], 'out_channels': [20]}, 'kin_param_dict': {'kernels': [80], 'out_lengths': [8], 'out_channels': [20]}}
152	{'learning_rate': 0.003, 'batch_size': 64, 'll1_size': 50, 'll2_size': 25, 'emb_dim': 22, 'num_epochs': 8, 'n_gram': 1, 'lr_decay_amt': 0.4, 'lr_decay_freq': 3, 'num_conv_layers': 1, 'dropout_pr': 0.3, 'site_param_dict': {'kernels': [8], 'out_lengths': [8], 'out_channels': [20]}, 'kin_param_dict': {'kernels': [80], 'out_lengths': [8], 'out_channels': [20]}}
153	{'learning_rate': 0.003, 'batch_size': 57, 'll1_size': 20, 'll2_size': 25, 'emb_dim': 22, 'num_epochs': 8, 'n_gram': 1, 'lr_decay_amt': 0.5, 'lr_decay_freq': 5, 'num_conv_layers': 1, 'dropout_pr': 0.35, 'site_param_dict': {'kernels': [8], 'out_lengths': [8], 'out_channels': [20]}, 'kin_param_dict': {'kernels': [80], 'out_lengths': [8], 'out_channels': [20]}}
154	{'learning_rate': 0.003, 'batch_size': 64, 'll1_size': 20, 'll2_size': 25, 'emb_dim': 22, 'num_epochs': 9, 'n_gram': 1, 'lr_decay_amt': 0.4, 'lr_decay_freq': 5, 'num_conv_layers': 1, 'dropout_pr': 0.3, 'site_param_dict': {'kernels': [8], 'out_lengths': [8], 'out_channels': [20]}, 'kin_param_dict': {'kernels': [80], 'out_lengths': [8], 'out_channels': [20]}}
155	{'learning_rate': 0.003, 'batch_size': 64, 'll1_size': 50, 'll2_size': 25, 'emb_dim': 22, 'num_epochs': 9, 'n_gram': 1, 'lr_decay_amt': 0.5, 'lr_decay_freq': 2, 'num_conv_layers': 1, 'dropout_pr': 0.35, 'site_param_dict': {'kernels': [8], 'out_lengths': [8], 'out_channels': [20]}, 'kin_param_dict': {'kernels': [80], 'out_lengths': [8], 'out_channels': [20]}}
156	{'learning_rate': 0.003, 'batch_size': 57, 'll1_size': 20, 'll2_size': 10, 'emb_dim': 22, 'num_epochs': 10, 'n_gram': 1, 'lr_decay_amt': 0.5, 'lr_decay_freq': 2, 'num_conv_layers': 1, 'dropout_pr': 0.3, 'site_param_dict': {'kernels': [8], 'out_lengths': [8], 'out_channels': [20]}, 'kin_param_dict': {'kernels': [80], 'out_lengths': [8], 'out_channels': [20]}}
157	{'learning_rate': 0.003, 'batch_size': 57, 'll1_size': 50, 'll2_size': 10, 'emb_dim': 22, 'num_epochs': 10, 'n_gram': 1, 'lr_decay_amt': 0.3, 'lr_decay_freq': 2, 'num_conv_layers': 1, 'dropout_pr': 0.25, 'site_param_dict': {'kernels': [8], 'out_lengths': [8], 'out_channels': [20]}, 'kin_param_dict': {'kernels': [80], 'out_lengths': [8], 'out_channels': [20]}}
158	{'learning_rate': 0.003, 'batch_size': 57, 'll1_size': 50, 'll2_size': 10, 'emb_dim': 22, 'num_epochs': 8, 'n_gram': 1, 'lr_decay_amt': 0.3, 'lr_decay_freq': 3, 'num_conv_layers': 1, 'dropout_pr': 0.4, 'site_param_dict': {'kernels': [8], 'out_lengths': [8], 'out_channels': [20]}, 'kin_param_dict': {'kernels': [80], 'out_lengths': [8], 'out_channels': [20]}}
159	{'learning_rate': 0.003, 'batch_size': 57, 'll1_size': 50, 'll2_size': 10, 'emb_dim': 22, 'num_epochs': 9, 'n_gram': 1, 'lr_decay_amt': 0.3, 'lr_decay_freq': 3, 'num_conv_layers': 1, 'dropout_pr': 0.25, 'site_param_dict': {'kernels': [8], 'out_lengths': [8], 'out_channels': [20]}, 'kin_param_dict': {'kernels': [80], 'out_lengths': [8], 'out_channels': [20]}}
160	{'learning_rate': 0.003, 'batch_size': 57, 'll1_size': 50, 'll2_size': 25, 'emb_dim': 22, 'num_epochs': 10, 'n_gram': 1, 'lr_decay_amt': 0.9, 'lr_decay_freq': 2, 'num_conv_layers': 1, 'dropout_pr': 0.35, 'site_param_dict': {'kernels': [8], 'out_lengths': [8], 'out_channels': [20]}, 'kin_param_dict': {'kernels': [80], 'out_lengths': [8], 'out_channels': [20]}}
161	{'learning_rate': 0.003, 'batch_size': 57, 'll1_size': 50, 'll2_size': 25, 'emb_dim': 22, 'num_epochs': 20, 'n_gram': 1, 'lr_decay_amt': 0.4, 'lr_decay_freq': 3, 'num_conv_layers': 1, 'dropout_pr': 0.35, 'site_param_dict': {'kernels': [8], 'out_lengths': [8], 'out_channels': [20]}, 'kin_param_dict': {'kernels': [80], 'out_lengths': [8], 'out_channels': [20]}}
162	{'learning_rate': 0.003, 'batch_size': 57, 'll1_size': 50, 'll2_size': 25, 'emb_dim': 22, 'num_epochs': 20, 'n_gram': 1, 'lr_decay_amt': 0.4, 'lr_decay_freq': 3, 'num_conv_layers': 1, 'dropout_pr': 0.3, 'site_param_dict': {'kernels': [8], 'out_lengths': [8], 'out_channels': [20]}, 'kin_param_dict': {'kernels': [80], 'out_lengths': [8], 'out_channels': [20]}}
163	{'learning_rate': 0.003, 'batch_size': 57, 'll1_size': 50, 'll2_size': 25, 'emb_dim': 22, 'num_epochs': 10, 'n_gram': 1, 'lr_decay_amt': 0.4, 'lr_decay_freq': 3, 'num_conv_layers': 1, 'dropout_pr': 0.3, 'site_param_dict': {'kernels': [8], 'out_lengths': [8], 'out_channels': [20]}, 'kin_param_dict': {'kernels': [80], 'out_lengths': [8], 'out_channels': [20]}}
164	{'learning_rate': 0.003, 'batch_size': 57, 'll1_size': 50, 'll2_size': 25, 'emb_dim': 22, 'num_epochs': 10, 'n_gram': 1, 'lr_decay_amt': 0.7, 'lr_decay_freq': 3, 'num_conv_layers': 1, 'dropout_pr': 0.4, 'site_param_dict': {'kernels': [8], 'out_lengths': [8], 'out_channels': [20]}, 'kin_param_dict': {'kernels': [80], 'out_lengths': [8], 'out_channels': [20]}}
165	{'learning_rate': 0.003, 'batch_size': 64, 'll1_size': 50, 'll2_size': 25, 'emb_dim': 22, 'num_epochs': 10, 'n_gram': 1, 'lr_decay_amt': 0.4, 'lr_decay_freq': 3, 'num_conv_layers': 1, 'dropout_pr': 0.375, 'site_param_dict': {'kernels': [8], 'out_lengths': [8], 'out_channels': [20]}, 'kin_param_dict': {'kernels': [80], 'out_lengths': [8], 'out_channels': [20]}}
166	{'learning_rate': 0.003, 'batch_size': 64, 'll1_size': 50, 'll2_size': 25, 'emb_dim': 22, 'num_epochs': 30, 'n_gram': 1, 'lr_decay_amt': 0.4, 'lr_decay_freq': 3, 'num_conv_layers': 1, 'dropout_pr': 0.375, 'site_param_dict': {'kernels': [8], 'out_lengths': [8], 'out_channels': [20]}, 'kin_param_dict': {'kernels': [80], 'out_lengths': [8], 'out_channels': [20]}}
167	{'learning_rate': 0.003, 'batch_size': 64, 'll1_size': 50, 'll2_size': 25, 'emb_dim': 22, 'num_epochs': 10, 'n_gram': 1, 'lr_decay_amt': 0.4, 'lr_decay_freq': 3, 'num_conv_layers': 1, 'dropout_pr': 0.4, 'site_param_dict': {'kernels': [8], 'out_lengths': [8], 'out_channels': [20]}, 'kin_param_dict': {'kernels': [80], 'out_lengths': [8], 'out_channels': [20]}}
168	{'learning_rate': 0.003, 'batch_size': 64, 'll1_size': 50, 'll2_size': 25, 'emb_dim': 22, 'num_epochs': 10, 'n_gram': 1, 'lr_decay_amt': 0.4, 'lr_decay_freq': 3, 'num_conv_layers': 1, 'dropout_pr': 0.4, 'site_param_dict': {'kernels': [8], 'out_lengths': [8], 'out_channels': [20]}, 'kin_param_dict': {'kernels': [100], 'out_lengths': [8], 'out_channels': [20]}}
169	{'learning_rate': 0.003, 'batch_size': 64, 'll1_size': 50, 'll2_size': 25, 'emb_dim': 22, 'num_epochs': 1, 'n_gram': 1, 'lr_decay_amt': 0.4, 'lr_decay_freq': 3, 'num_conv_layers': 1, 'dropout_pr': 0.3, 'site_param_dict': {'kernels': [8], 'out_lengths': [8], 'out_channels': [20]}, 'kin_param_dict': {'kernels': [100], 'out_lengths': [8], 'out_channels': [20]}}
170	{'learning_rate': 0.003, 'batch_size': 64, 'll1_size': 50, 'll2_size': 25, 'emb_dim': 22, 'num_epochs': 5, 'n_gram': 1, 'lr_decay_amt': 0.4, 'lr_decay_freq': 3, 'num_conv_layers': 1, 'dropout_pr': 0.3, 'site_param_dict': {'kernels': [8], 'out_lengths': [8], 'out_channels': [20]}, 'kin_param_dict': {'kernels': [100], 'out_lengths': [8], 'out_channels': [20]}}
171	{'learning_rate': 0.003, 'batch_size': 64, 'll1_size': 50, 'll2_size': 25, 'emb_dim': 22, 'num_epochs': 10, 'n_gram': 1, 'lr_decay_amt': 0.4, 'lr_decay_freq': 3, 'num_conv_layers': 1, 'dropout_pr': 0.3, 'site_param_dict': {'kernels': [8], 'out_lengths': [8], 'out_channels': [20]}, 'kin_param_dict': {'kernels': [100], 'out_lengths': [8], 'out_channels': [20]}}
172	{'learning_rate': 0.003, 'batch_size': 64, 'll1_size': 50, 'll2_size': 25, 'emb_dim': 22, 'num_epochs': 10, 'n_gram': 1, 'lr_decay_amt': 0.35, 'lr_decay_freq': 3, 'num_conv_layers': 1, 'dropout_pr': 0.4, 'site_param_dict': {'kernels': [8], 'out_lengths': [8], 'out_channels': [20]}, 'kin_param_dict': {'kernels': [100], 'out_lengths': [8], 'out_channels': [20]}}
173	{'learning_rate': 0.003, 'batch_size': 64, 'll1_size': 50, 'll2_size': 25, 'emb_dim': 22, 'num_epochs': 1, 'n_gram': 1, 'lr_decay_amt': 0.35, 'lr_decay_freq': 3, 'num_conv_layers': 1, 'dropout_pr': 0.4, 'site_param_dict': {'kernels': [8], 'out_lengths': [8], 'out_channels': [20]}, 'kin_param_dict': {'kernels': [100], 'out_lengths': [8], 'out_channels': [20]}}
